cyclone_id,year,start_time,end_time,duration_hours,duration_days,observations,start_latitude,start_longitude,end_latitude,end_longitude,start_category,strongest_category,max_msw_kt,min_pressure_hpa,approx_total_movement_km
2024_T01,2024,2024-05-24 00:00:00,2024-05-28 06:00:00,102.0,4.25,30,15.0,88.4,25.1,91.8,D,SCS,60.0,978.0,1287.2926315428372
2024_T02,2024,2024-07-19 03:00:00,2024-07-20 06:00:00,27.0,1.125,7,19.1,86.2,19.7,85.4,D,D,4.0,990.0,107.93436612708612
2024_T03,2024,2024-08-02 12:00:00,2024-08-05 18:00:00,78.0,3.25,17,24.2,85.2,28.8,72.0,D,DD,30.0,988.0,1444.8677013222575
2024_T04,2024,2024-08-25 00:00:00,2024-09-02 03:00:00,195.0,8.125,49,24.5,77.3,20.9,61.2,D,CS,40.0,990.0,1839.8259165086297
2024_T05,2024,2024-08-31 00:00:00,2024-09-02 06:00:00,54.0,2.25,13,17.5,84.6,19.8,79.5,D,D,25.0,996.0,607.4169770078887
2024_T06,2024,2024-09-08 00:00:00,2024-09-10 06:00:00,54.0,2.25,13,17.9,87.0,21.9,82.1,D,DD,6.0,991.0,733.0355569503366
2024_T07,2024,2024-09-11 03:00:00,2024-09-13 00:00:00,45.0,1.875,10,24.0,80.0,28.2,79.3,D,D,4.0,994.0,594.0390381790314
2024_T08,2024,2024-09-13 12:00:00,2024-09-17 18:00:00,102.0,4.25,22,22.0,90.8,24.2,80.3,D,DD,6.0,989.0,1191.0503456082497
2024_T09,2024,2024-10-13 12:00:00,2024-10-15 12:00:00,48.0,2.0,11,15.6,65.0,18.3,58.8,D,D,4.0,1001.0,777.8529162554046
2024_T10,2024,2024-10-15 12:00:00,2024-10-16 18:00:00,30.0,1.25,7,11.4,84.4,13.4,80.8,D,D,4.0,1000.0,451.7552223538038
2024_T11,2024,2024-10-22 00:00:00,2024-10-25 18:00:00,90.0,3.75,27,15.4,91.6,21.4,86.2,D,SCS,60.0,986.0,928.9183247053435
2024_T12,2024,2024-11-25 03:00:00,2024-12-01 18:00:00,159.0,6.625,40,5.0,85.3,12.1,79.2,D,CS,45.0,996.0,1336.8187897626037
2024_T13,2024,2024-12-20 12:00:00,2024-12-21 06:00:00,18.0,0.75,5,13.7,83.5,14.1,84.6,D,D,4.0,1002.0,134.44146437712493
2025_T01,2025,2025-05-24 00:00:00,2025-05-24 18:00:00,18.0,0.75,5,17.0,73.0,17.4,75.3,D,D,25.0,998.0,248.40198497143166
2025_T02,2025,2025-05-29 00:00:00,2025-05-30 06:00:00,30.0,1.25,8,20.8,88.3,25.1,90.2,D,DD,30.0,986.0,533.1911721566703
2025_T03,2025,2025-07-14 06:00:00,2025-07-14 18:00:00,12.0,0.5,3,23.0,88.8,23.5,88.0,D,D,20.0,996.0,99.02426420104447
2025_T04,2025,2025-07-15 03:00:00,2025-07-15 18:00:00,15.0,0.625,4,27.4,75.4,29.2,73.5,D,D,20.0,993.0,272.69314815261566
2025_T05,2025,2025-07-17 00:00:00,2025-07-19 18:00:00,66.0,2.75,15,25.2,81.8,27.5,73.0,D,D,25.0,993.0,934.3837044025123
2025_T06,2025,2025-07-25 00:00:00,2025-07-26 18:00:00,42.0,1.75,10,21.4,89.5,23.3,81.0,D,D,25.0,988.0,921.9612131457095
2025_T07,2025,2025-08-18 12:00:00,2025-08-19 06:00:00,18.0,0.75,5,18.9,85.0,20.0,83.3,D,D,20.0,996.0,226.8036379314422
2025_T08,2025,2025-09-06 18:00:00,2025-09-10 18:00:00,96.0,4.0,21,25.0,72.5,24.8,63.5,D,DD,30.0,995.0,1068.6690194467974
2025_T09,2025,2025-09-26 12:00:00,2025-09-28 00:00:00,36.0,1.5,8,19.3,86.1,20.3,77.0,D,D,25.0,998.0,965.1847246017037
2025_T10,2025,2025-10-01 06:00:00,2025-10-03 06:00:00,48.0,2.0,11,15.8,86.5,21.2,83.6,D,DD,30.0,995.0,683.6984121195155
2025_T11,2025,2025-10-01 12:00:00,2025-10-07 06:00:00,138.0,5.75,41,22.0,68.3,18.9,60.7,D,SCS,60.0,986.0,1227.0807484952436
2025_T12,2025,2025-10-22 00:00:00,2025-10-31 18:00:00,234.0,9.75,50,8.6,67.6,19.4,69.6,D,D,25.0,1000.0,2462.817915809813
2025_T13,2025,2025-10-25 00:00:00,2025-10-29 18:00:00,114.0,4.75,32,10.8,89.0,19.6,80.7,D,SCS,50.0,990.0,1444.930242936688
2025_T14,2025,2025-11-25 03:00:00,2025-11-27 15:00:00,60.0,2.5,17,5.4,99.7,3.6,100.9,D,CS,40.0,999.0,633.7665936016742
2025_T15,2025,2025-11-26 18:00:00,2025-12-02 18:00:00,144.0,6.0,41,5.9,82.6,12.1,80.2,D,CS,40.0,1000.0,968.6384489728989
