cyclone_id,year,timestamp_utc,latitude,longitude,ci_no,ecp_hpa,pressure_drop_hpa,msw_kt,category
2024_T01,2024,2024-05-24 00:00:00,15.0,88.4,1.5,996.0,3.0,25.0,D
2024_T01,2024,2024-05-24 03:00:00,15.5,88.7,1.5,996.0,3.0,25.0,D
2024_T01,2024,2024-05-24 06:00:00,15.8,88.9,1.5,996.0,3.0,25.0,D
2024_T01,2024,2024-05-24 12:00:00,16.2,89.1,1.5,995.0,3.0,25.0,D
2024_T01,2024,2024-05-24 18:00:00,16.8,89.4,1.5,995.0,3.0,25.0,D
2024_T01,2024,2024-05-25 00:00:00,17.6,89.7,2.0,993.0,4.0,30.0,DD
2024_T01,2024,2024-05-25 03:00:00,18.0,89.7,2.0,992.0,5.0,30.0,DD
2024_T01,2024,2024-05-25 06:00:00,18.2,89.7,2.0,991.0,5.0,30.0,DD
2024_T01,2024,2024-05-25 12:00:00,18.8,89.5,2.5,989.0,7.0,35.0,CS
2024_T01,2024,2024-05-25 15:00:00,19.1,89.5,2.5,989.0,7.0,35.0,CS
2024_T01,2024,2024-05-25 18:00:00,19.3,89.4,2.5,988.0,8.0,40.0,CS
2024_T01,2024,2024-05-25 21:00:00,19.4,89.4,2.5,986.0,10.0,45.0,CS
2024_T01,2024,2024-05-26 00:00:00,19.5,89.4,3.0,984.0,12.0,50.0,SCS
2024_T01,2024,2024-05-26 03:00:00,19.8,89.3,3.0,984.0,12.0,50.0,SCS
2024_T01,2024,2024-05-26 06:00:00,20.2,89.2,3.0,983.0,13.0,50.0,SCS
2024_T01,2024,2024-05-26 09:00:00,20.6,89.2,3.5,981.0,15.0,55.0,SCS
2024_T01,2024,2024-05-26 12:00:00,21.1,89.2,3.5,978.0,18.0,60.0,SCS
2024_T01,2024,2024-05-26 15:00:00,21.4,89.2,3.5,978.0,18.0,60.0,SCS
2024_T01,2024,2024-05-26 18:00:00,21.7,89.2,3.5,978.0,18.0,60.0,SCS
2024_T01,2024,2024-05-26 21:00:00,22.0,89.2,,980.0,16.0,55.0,SCS
2024_T01,2024,2024-05-27 00:00:00,22.5,89.2,,982.0,12.0,45.0,CS
2024_T01,2024,2024-05-27 03:00:00,22.8,89.2,,984.0,10.0,40.0,CS
2024_T01,2024,2024-05-27 06:00:00,23.0,89.2,,985.0,9.0,35.0,CS
2024_T01,2024,2024-05-27 09:00:00,23.3,89.4,,986.0,8.0,35.0,CS
2024_T01,2024,2024-05-27 12:00:00,23.6,89.7,,987.0,7.0,35.0,CS
2024_T01,2024,2024-05-27 15:00:00,23.8,90.2,,988.0,6.0,30.0,DD
2024_T01,2024,2024-05-27 18:00:00,24.0,90.5,,990.0,5.0,30.0,DD
2024_T01,2024,2024-05-28 00:00:00,24.4,91.1,,991.0,4.0,20.0,D
2024_T01,2024,2024-05-28 03:00:00,24.7,91.5,,992.0,3.0,20.0,D
2024_T01,2024,2024-05-28 06:00:00,25.1,91.8,,993.0,3.0,20.0,D
2024_T02,2024,2024-07-19 03:00:00,19.1,86.2,1.5,992.0,25.0,3.0,D
2024_T02,2024,2024-07-19 06:00:00,19.2,86.0,1.5,992.0,25.0,3.0,D
2024_T02,2024,2024-07-19 12:00:00,19.4,85.7,1.5,990.0,25.0,4.0,D
2024_T02,2024,2024-07-19 18:00:00,19.5,85.6,1.5,990.0,25.0,4.0,D
2024_T02,2024,2024-07-20 00:00:00,19.6,85.5,1.5,991.0,25.0,4.0,D
2024_T02,2024,2024-07-20 03:00:00,19.6,85.5,1.5,992.0,25.0,3.0,D
2024_T02,2024,2024-07-20 06:00:00,19.7,85.4,1.5,992.0,25.0,3.0,D
2024_T03,2024,2024-08-02 12:00:00,24.2,85.2,,992.0,3.0,20.0,D
2024_T03,2024,2024-08-02 18:00:00,24.2,84.9,,992.0,3.0,20.0,D
2024_T03,2024,2024-08-03 00:00:00,24.3,84.6,,991.0,4.0,25.0,D
2024_T03,2024,2024-08-03 03:00:00,24.4,84.4,,990.0,5.0,30.0,DD
2024_T03,2024,2024-08-03 06:00:00,24.5,84.2,,988.0,6.0,30.0,DD
2024_T03,2024,2024-08-03 12:00:00,24.8,83.0,,988.0,6.0,30.0,DD
2024_T03,2024,2024-08-03 18:00:00,24.8,81.5,,990.0,6.0,30.0,DD
2024_T03,2024,2024-08-04 00:00:00,24.9,81.0,,990.0,6.0,30.0,DD
2024_T03,2024,2024-08-04 03:00:00,25.0,80.7,,991.0,5.0,30.0,DD
2024_T03,2024,2024-08-04 06:00:00,25.3,79.6,,992.0,5.0,30.0,DD
2024_T03,2024,2024-08-04 12:00:00,25.8,78.4,,992.0,5.0,30.0,DD
2024_T03,2024,2024-08-04 18:00:00,26.0,77.6,,992.0,5.0,30.0,DD
2024_T03,2024,2024-08-05 00:00:00,26.3,76.2,,993.0,4.0,25.0,D
2024_T03,2024,2024-08-05 03:00:00,26.5,75.6,,993.0,4.0,25.0,D
2024_T03,2024,2024-08-05 06:00:00,26.8,75.2,,994.0,3.0,25.0,D
2024_T03,2024,2024-08-05 12:00:00,27.6,73.5,,994.0,3.0,20.0,D
2024_T03,2024,2024-08-05 18:00:00,28.8,72.0,,996.0,3.0,20.0,D
2024_T04,2024,2024-08-25 00:00:00,24.5,77.3,,997.0,3.0,20.0,D
2024_T04,2024,2024-08-25 03:00:00,24.6,76.9,,997.0,3.0,20.0,D
2024_T04,2024,2024-08-25 06:00:00,24.6,76.5,,996.0,4.0,20.0,D
2024_T04,2024,2024-08-25 12:00:00,24.4,75.6,,996.0,4.0,25.0,D
2024_T04,2024,2024-08-25 18:00:00,24.3,74.7,,995.0,5.0,30.0,DD
2024_T04,2024,2024-08-26 00:00:00,24.2,74.2,,995.0,5.0,30.0,DD
2024_T04,2024,2024-08-26 03:00:00,24.1,74.0,,995.0,5.0,30.0,DD
2024_T04,2024,2024-08-26 06:00:00,23.8,73.6,,995.0,5.0,30.0,DD
2024_T04,2024,2024-08-26 12:00:00,23.8,73.0,,995.0,5.0,30.0,DD
2024_T04,2024,2024-08-26 18:00:00,23.8,72.4,,995.0,5.0,30.0,DD
2024_T04,2024,2024-08-27 00:00:00,23.8,72.2,,995.0,5.0,30.0,DD
2024_T04,2024,2024-08-27 03:00:00,23.8,72.0,,995.0,5.0,30.0,DD
2024_T04,2024,2024-08-27 06:00:00,23.7,71.7,,995.0,5.0,30.0,DD
2024_T04,2024,2024-08-27 12:00:00,23.7,71.0,,995.0,5.0,30.0,DD
2024_T04,2024,2024-08-27 18:00:00,23.7,70.6,,995.0,5.0,30.0,DD
2024_T04,2024,2024-08-28 00:00:00,23.7,70.0,,995.0,5.0,30.0,DD
2024_T04,2024,2024-08-28 03:00:00,23.7,69.7,,995.0,5.0,30.0,DD
2024_T04,2024,2024-08-28 06:00:00,23.7,69.7,,994.0,6.0,30.0,DD
2024_T04,2024,2024-08-28 12:00:00,23.7,69.7,,994.0,6.0,30.0,DD
2024_T04,2024,2024-08-28 18:00:00,23.7,69.7,,994.0,6.0,30.0,DD
2024_T04,2024,2024-08-29 00:00:00,23.7,69.5,,994.0,6.0,30.0,DD
2024_T04,2024,2024-08-29 03:00:00,23.7,69.4,,994.0,6.0,30.0,DD
2024_T04,2024,2024-08-29 06:00:00,23.7,69.4,,994.0,6.0,30.0,DD
2024_T04,2024,2024-08-29 12:00:00,23.6,69.2,,994.0,6.0,30.0,DD
2024_T04,2024,2024-08-29 18:00:00,23.6,69.0,,994.0,6.0,30.0,DD
2024_T04,2024,2024-08-30 00:00:00,23.5,68.4,,994.0,6.0,30.0,DD
2024_T04,2024,2024-08-30 03:00:00,23.5,68.2,2.0,994.0,6.0,30.0,DD
2024_T04,2024,2024-08-30 06:00:00,23.5,67.9,2.5,993.0,7.0,35.0,CS
2024_T04,2024,2024-08-30 09:00:00,23.5,67.5,2.5,993.0,7.0,35.0,CS
2024_T04,2024,2024-08-30 12:00:00,23.5,67.2,2.5,993.0,7.0,35.0,CS
2024_T04,2024,2024-08-30 15:00:00,23.5,67.0,2.5,992.0,7.0,35.0,CS
2024_T04,2024,2024-08-30 18:00:00,23.6,66.4,2.5,992.0,7.0,35.0,CS
2024_T04,2024,2024-08-30 21:00:00,23.6,66.2,25.0,992.0,7.0,35.0,CS
2024_T04,2024,2024-08-31 00:00:00,23.6,65.8,2.5,991.0,8.0,40.0,CS
2024_T04,2024,2024-08-31 03:00:00,23.6,65.3,2.5,991.0,8.0,40.0,CS
2024_T04,2024,2024-08-31 06:00:00,23.6,64.9,2.5,991.0,8.0,40.0,CS
2024_T04,2024,2024-08-31 09:00:00,23.6,64.4,2.5,991.0,8.0,40.0,CS
2024_T04,2024,2024-08-31 12:00:00,23.6,64.4,2.5,990.0,8.0,40.0,CS
2024_T04,2024,2024-08-31 15:00:00,23.6,63.7,2.5,990.0,8.0,40.0,CS
2024_T04,2024,2024-08-31 18:00:00,23.5,63.7,2.5,990.0,8.0,40.0,CS
2024_T04,2024,2024-08-31 21:00:00,23.4,63.0,2.5,990.0,8.0,40.0,CS
2024_T04,2024,2024-09-01 00:00:00,23.2,62.6,2.5,990.0,8.0,40.0,CS
2024_T04,2024,2024-09-01 03:00:00,23.0,62.3,2.5,992.0,7.0,35.0,CS
2024_T04,2024,2024-09-01 06:00:00,22.7,62.0,2.5,993.0,7.0,35.0,CS
2024_T04,2024,2024-09-01 09:00:00,22.5,61.8,2.5,993.0,7.0,35.0,CS
2024_T04,2024,2024-09-01 12:00:00,22.2,61.7,2.0,996.0,6.0,30.0,DD
2024_T04,2024,2024-09-01 18:00:00,21.7,61.5,2.0,998.0,5.0,30.0,DD
2024_T04,2024,2024-09-02 00:00:00,21.2,61.3,1.5,999.0,4.0,20.0,D
2024_T04,2024,2024-09-02 03:00:00,20.9,61.2,1.5,1000.0,3.0,20.0,D
2024_T05,2024,2024-08-31 00:00:00,17.5,84.6,1.5,998.0,3.0,25.0,D
2024_T05,2024,2024-08-31 03:00:00,17.7,84.5,1.5,997.0,3.0,25.0,D
2024_T05,2024,2024-08-31 06:00:00,17.9,84.3,1.5,996.0,3.0,25.0,D
2024_T05,2024,2024-08-31 12:00:00,18.1,84.0,1.5,997.0,4.0,25.0,D
2024_T05,2024,2024-08-31 18:00:00,18.2,83.8,1.5,997.0,4.0,25.0,D
2024_T05,2024,2024-09-01 00:00:00,18.5,83.0,1.5,997.0,4.0,25.0,D
2024_T05,2024,2024-09-01 03:00:00,18.7,82.4,1.5,998.0,3.0,25.0,D
2024_T05,2024,2024-09-01 06:00:00,18.7,82.1,1.5,999.0,3.0,20.0,D
2024_T05,2024,2024-09-01 12:00:00,19.0,81.2,1.5,999.0,3.0,20.0,D
2024_T05,2024,2024-09-01 18:00:00,19.3,80.4,1.5,999.0,3.0,20.0,D
2024_T05,2024,2024-09-02 00:00:00,19.6,80.0,1.5,999.0,3.0,20.0,D
2024_T05,2024,2024-09-02 03:00:00,19.7,79.7,1.5,999.0,3.0,20.0,D
2024_T05,2024,2024-09-02 06:00:00,19.8,79.5,1.5,999.0,3.0,20.0,D
2024_T06,2024,2024-09-08 00:00:00,17.9,87.0,1.5,998.0,25.0,3.0,D
2024_T06,2024,2024-09-08 03:00:00,18.2,86.8,1.5,998.0,25.0,3.0,D
2024_T06,2024,2024-09-08 06:00:00,18.4,86.7,1.5,997.0,25.0,3.0,D
2024_T06,2024,2024-09-08 12:00:00,18.6,86.4,1.5,995.0,25.0,4.0,D
2024_T06,2024,2024-09-08 18:00:00,18.9,86.3,1.5,993.0,30.0,5.0,DD
2024_T06,2024,2024-09-09 00:00:00,19.3,86.2,1.5,991.0,30.0,6.0,DD
2024_T06,2024,2024-09-09 03:00:00,19.6,86.2,1.5,991.0,30.0,6.0,DD
2024_T06,2024,2024-09-09 06:00:00,20.0,86.0,,992.0,30.0,6.0,DD
2024_T06,2024,2024-09-09 12:00:00,20.8,85.1,,994.0,30.0,5.0,DD
2024_T06,2024,2024-09-09 18:00:00,21.3,84.4,,995.0,25.0,4.0,D
2024_T06,2024,2024-09-10 00:00:00,21.7,83.3,,995.0,25.0,4.0,D
2024_T06,2024,2024-09-10 03:00:00,21.8,82.8,,996.0,25.0,3.0,D
2024_T06,2024,2024-09-10 06:00:00,21.9,82.1,,996.0,25.0,3.0,D
2024_T07,2024,2024-09-11 03:00:00,24.0,80.0,,995.0,20.0,3.0,D
2024_T07,2024,2024-09-11 06:00:00,24.2,79.9,,995.0,20.0,3.0,D
2024_T07,2024,2024-09-11 12:00:00,25.0,79.6,,994.0,25.0,4.0,D
2024_T07,2024,2024-09-11 18:00:00,26.2,78.2,,994.0,25.0,4.0,D
2024_T07,2024,2024-09-12 00:00:00,26.7,78.3,,994.0,25.0,4.0,D
2024_T07,2024,2024-09-12 03:00:00,27.0,78.5,,994.0,25.0,4.0,D
2024_T07,2024,2024-09-12 06:00:00,27.3,78.7,,994.0,25.0,4.0,D
2024_T07,2024,2024-09-12 12:00:00,27.5,79.1,,995.0,20.0,3.0,D
2024_T07,2024,2024-09-12 18:00:00,27.7,79.5,,995.0,20.0,3.0,D
2024_T07,2024,2024-09-13 00:00:00,28.2,79.3,,995.0,20.0,3.0,D
2024_T08,2024,2024-09-13 12:00:00,22.0,90.8,1.5,993.0,20.0,3.0,D
2024_T08,2024,2024-09-13 18:00:00,22.3,90.4,,992.0,25.0,4.0,D
2024_T08,2024,2024-09-14 00:00:00,22.5,89.6,,990.0,30.0,5.0,DD
2024_T08,2024,2024-09-14 03:00:00,22.7,88.8,,990.0,30.0,5.0,DD
2024_T08,2024,2024-09-14 06:00:00,22.4,88.3,,990.0,30.0,5.0,DD
2024_T08,2024,2024-09-14 12:00:00,22.4,88.5,,989.0,30.0,6.0,DD
2024_T08,2024,2024-09-14 18:00:00,22.6,88.5,,989.0,30.0,6.0,DD
2024_T08,2024,2024-09-15 00:00:00,22.6,88.0,,989.0,30.0,6.0,DD
2024_T08,2024,2024-09-15 03:00:00,22.6,87.8,,990.0,30.0,5.0,DD
2024_T08,2024,2024-09-15 06:00:00,22.7,87.6,,990.0,30.0,5.0,DD
2024_T08,2024,2024-09-15 12:00:00,22.8,87.4,,990.0,30.0,5.0,DD
2024_T08,2024,2024-09-15 18:00:00,22.9,87.2,,990.0,30.0,5.0,DD
2024_T08,2024,2024-09-16 00:00:00,23.0,87.0,,990.0,30.0,5.0,DD
2024_T08,2024,2024-09-16 03:00:00,23.1,86.7,,990.0,30.0,5.0,DD
2024_T08,2024,2024-09-16 06:00:00,23.2,86.4,,990.0,30.0,5.0,DD
2024_T08,2024,2024-09-16 12:00:00,23.3,85.2,,990.0,30.0,5.0,DD
2024_T08,2024,2024-09-16 18:00:00,23.4,84.6,,991.0,30.0,5.0,DD
2024_T08,2024,2024-09-17 00:00:00,23.6,84.2,,992.0,25.0,4.0,D
2024_T08,2024,2024-09-17 03:00:00,23.7,83.7,,993.0,25.0,4.0,D
2024_T08,2024,2024-09-17 06:00:00,23.7,82.7,,995.0,20.0,3.0,D
2024_T08,2024,2024-09-17 12:00:00,24.0,81.3,,995.0,20.0,3.0,D
2024_T08,2024,2024-09-17 18:00:00,24.2,80.3,,995.0,20.0,3.0,D
2024_T09,2024,2024-10-13 12:00:00,15.6,65.0,1.5,1002.0,20.0,3.0,D
2024_T09,2024,2024-10-13 18:00:00,15.7,64.7,1.5,1002.0,20.0,3.0,D
2024_T09,2024,2024-10-14 00:00:00,15.8,64.5,1.5,1002.0,20.0,3.0,D
2024_T09,2024,2024-10-14 03:00:00,15.8,64.3,1.5,1001.0,25.0,4.0,D
2024_T09,2024,2024-10-14 06:00:00,16.0,64.0,1.5,1001.0,25.0,4.0,D
2024_T09,2024,2024-10-14 12:00:00,16.1,62.0,1.5,1001.0,25.0,4.0,D
2024_T09,2024,2024-10-14 18:00:00,16.1,61.5,1.5,1001.0,25.0,4.0,D
2024_T09,2024,2024-10-15 00:00:00,16.1,61.0,1.5,1002.0,20.0,3.0,D
2024_T09,2024,2024-10-15 03:00:00,16.8,60.5,1.5,1002.0,20.0,3.0,D
2024_T09,2024,2024-10-15 06:00:00,17.5,59.8,1.5,1002.0,20.0,3.0,D
2024_T09,2024,2024-10-15 12:00:00,18.3,58.8,1.5,1002.0,20.0,3.0,D
2024_T10,2024,2024-10-15 12:00:00,11.4,84.4,1.5,1002.0,20.0,3.0,D
2024_T10,2024,2024-10-15 18:00:00,11.8,84.0,1.5,1002.0,20.0,3.0,D
2024_T10,2024,2024-10-16 00:00:00,12.1,83.4,1.5,1002.0,20.0,3.0,D
2024_T10,2024,2024-10-16 03:00:00,12.3,83.0,1.5,1000.0,25.0,4.0,D
2024_T10,2024,2024-10-16 06:00:00,12.5,82.7,1.5,1000.0,25.0,4.0,D
2024_T10,2024,2024-10-16 12:00:00,12.9,81.9,1.5,1000.0,25.0,4.0,D
2024_T10,2024,2024-10-16 18:00:00,13.4,80.8,1.5,1000.0,25.0,4.0,D
2024_T11,2024,2024-10-22 00:00:00,15.4,91.6,1.5,1003.0,3.0,20.0,D
2024_T11,2024,2024-10-22 03:00:00,15.5,91.4,1.5,1002.0,3.0,20.0,D
2024_T11,2024,2024-10-22 06:00:00,15.5,91.3,1.5,1000.0,4.0,25.0,D
2024_T11,2024,2024-10-22 12:00:00,15.6,90.9,2.0,999.0,5.0,30.0,DD
2024_T11,2024,2024-10-22 18:00:00,15.8,90.5,2.0,998.0,6.0,30.0,DD
2024_T11,2024,2024-10-23 00:00:00,16.2,89.8,2.5,997.0,7.0,35.0,CS
2024_T11,2024,2024-10-23 03:00:00,16.5,89.6,2.5,996.0,8.0,35.0,CS
2024_T11,2024,2024-10-23 06:00:00,16.7,89.2,2.5,995.0,9.0,40.0,CS
2024_T11,2024,2024-10-23 09:00:00,16.9,89.1,3.0,994.0,10.0,45.0,CS
2024_T11,2024,2024-10-23 12:00:00,17.2,88.9,3.0,992.0,12.0,45.0,CS
2024_T11,2024,2024-10-23 15:00:00,17.6,88.7,3.0,992.0,12.0,45.0,CS
2024_T11,2024,2024-10-23 18:00:00,17.9,88.5,3.0,990.0,14.0,50.0,SCS
2024_T11,2024,2024-10-23 21:00:00,18.3,88.3,3.0,990.0,14.0,50.0,SCS
2024_T11,2024,2024-10-24 00:00:00,18.6,88.2,3.5,988.0,16.0,55.0,SCS
2024_T11,2024,2024-10-24 03:00:00,18.9,88.0,3.5,988.0,16.0,55.0,SCS
2024_T11,2024,2024-10-24 06:00:00,19.2,87.8,3.5,988.0,16.0,55.0,SCS
2024_T11,2024,2024-10-24 09:00:00,19.4,87.6,3.5,986.0,18.0,60.0,SCS
2024_T11,2024,2024-10-24 12:00:00,19.8,87.5,3.5,986.0,18.0,60.0,SCS
2024_T11,2024,2024-10-24 15:00:00,20.1,87.3,3.5,986.0,18.0,60.0,SCS
2024_T11,2024,2024-10-24 18:00:00,20.5,87.1,3.5,988.0,16.0,55.0,SCS
2024_T11,2024,2024-10-24 21:00:00,20.7,87.0,,988.0,16.0,55.0,SCS
2024_T11,2024,2024-10-25 00:00:00,21.0,86.8,,990.0,14.0,50.0,SCS
2024_T11,2024,2024-10-25 03:00:00,21.2,86.7,,994.0,10.0,45.0,CS
2024_T11,2024,2024-10-25 06:00:00,21.3,86.6,,997.0,7.0,35.0,CS
2024_T11,2024,2024-10-25 09:00:00,21.4,86.4,,998.0,6.0,30.0,DD
2024_T11,2024,2024-10-25 12:00:00,21.4,86.3,,999.0,5.0,30.0,DD
2024_T11,2024,2024-10-25 18:00:00,21.4,86.2,,1000.0,4.0,25.0,D
2024_T12,2024,2024-11-25 03:00:00,5.0,85.3,1.5,1003.0,3.0,20.0,D
2024_T12,2024,2024-11-25 06:00:00,5.1,84.5,1.5,1003.0,3.0,20.0,D
2024_T12,2024,2024-11-25 12:00:00,5.2,83.5,1.5,1002.0,4.0,25.0,D
2024_T12,2024,2024-11-25 18:00:00,5.5,83.2,1.5,1002.0,4.0,25.0,D
2024_T12,2024,2024-11-26 00:00:00,6.0,82.9,1.5,1002.0,4.0,25.0,D
2024_T12,2024,2024-11-26 03:00:00,6.3,82.8,2.0,1001.0,5.0,30.0,DD
2024_T12,2024,2024-11-26 06:00:00,6.6,82.8,2.0,1001.0,5.0,30.0,DD
2024_T12,2024,2024-11-26 12:00:00,7.0,82.7,2.0,1001.0,5.0,30.0,DD
2024_T12,2024,2024-11-26 18:00:00,7.5,82.6,2.0,1001.0,5.0,30.0,DD
2024_T12,2024,2024-11-27 00:00:00,8.2,82.4,2.0,1001.0,5.0,30.0,DD
2024_T12,2024,2024-11-27 03:00:00,8.5,82.3,2.0,1001.0,5.0,30.0,DD
2024_T12,2024,2024-11-27 06:00:00,8.7,82.2,2.0,1001.0,5.0,30.0,DD
2024_T12,2024,2024-11-27 12:00:00,8.9,82.2,2.0,1000.0,6.0,30.0,DD
2024_T12,2024,2024-11-27 18:00:00,9.0,82.2,2.0,1000.0,6.0,30.0,DD
2024_T12,2024,2024-11-28 00:00:00,9.0,82.2,2.0,1000.0,6.0,30.0,DD
2024_T12,2024,2024-11-28 03:00:00,9.1,82.3,2.0,1000.0,6.0,30.0,DD
2024_T12,2024,2024-11-28 06:00:00,9.3,82.4,2.0,1000.0,6.0,30.0,DD
2024_T12,2024,2024-11-28 12:00:00,9.6,82.7,2.0,1000.0,6.0,30.0,DD
2024_T12,2024,2024-11-28 18:00:00,10.1,82.8,2.0,1000.0,6.0,30.0,DD
2024_T12,2024,2024-11-29 00:00:00,10.4,82.7,2.0,1000.0,6.0,30.0,DD
2024_T12,2024,2024-11-29 03:00:00,10.6,82.6,2.0,1000.0,6.0,30.0,DD
2024_T12,2024,2024-11-29 06:00:00,10.9,82.5,2.0,1000.0,6.0,30.0,DD
2024_T12,2024,2024-11-29 09:00:00,11.2,82.2,2.5,999.0,7.0,35.0,CS
2024_T12,2024,2024-11-29 12:00:00,11.5,81.9,2.5,999.0,7.0,35.0,CS
2024_T12,2024,2024-11-29 15:00:00,11.6,81.7,2.5,999.0,7.0,35.0,CS
2024_T12,2024,2024-11-29 18:00:00,11.8,81.7,2.5,999.0,7.0,35.0,CS
2024_T12,2024,2024-11-29 21:00:00,11.9,81.5,2.5,996.0,8.0,40.0,CS
2024_T12,2024,2024-11-30 00:00:00,12.2,81.2,3.0,996.0,10.0,45.0,CS
2024_T12,2024,2024-11-30 03:00:00,12.3,80.9,3.0,996.0,10.0,45.0,CS
2024_T12,2024,2024-11-30 06:00:00,12.3,80.7,3.0,996.0,10.0,45.0,CS
2024_T12,2024,2024-11-30 09:00:00,12.3,80.5,3.0,996.0,12.0,45.0,CS
2024_T12,2024,2024-11-30 12:00:00,12.3,80.3,3.0,998.0,11.0,40.0,CS
2024_T12,2024,2024-11-30 15:00:00,12.2,80.1,2.5,998.0,10.0,40.0,CS
2024_T12,2024,2024-11-30 18:00:00,12.0,79.8,,998.0,10.0,40.0,CS
2024_T12,2024,2024-11-30 21:00:00,12.0,79.8,,999.0,11.0,35.0,CS
2024_T12,2024,2024-12-01 00:00:00,12.0,79.8,,999.0,10.0,35.0,CS
2024_T12,2024,2024-12-01 03:00:00,12.0,79.8,,999.0,7.0,35.0,CS
2024_T12,2024,2024-12-01 06:00:00,12.0,79.8,,1000.0,6.0,30.0,DD
2024_T12,2024,2024-12-01 12:00:00,12.1,79.6,,1001.0,4.0,25.0,D
2024_T12,2024,2024-12-01 18:00:00,12.1,79.2,,1002.0,3.0,25.0,D
2024_T13,2024,2024-12-20 12:00:00,13.7,83.5,1.5,1003.0,20.0,3.0,D
2024_T13,2024,2024-12-20 18:00:00,13.9,83.7,1.5,1003.0,25.0,3.0,D
2024_T13,2024,2024-12-21 00:00:00,13.9,84.2,1.5,1002.0,25.0,4.0,D
2024_T13,2024,2024-12-21 03:00:00,14.0,84.5,1.5,1002.0,25.0,4.0,D
2024_T13,2024,2024-12-21 06:00:00,14.1,84.6,1.5,1003.0,20.0,3.0,D
2025_T01,2025,2025-05-24 00:00:00,17.0,73.0,1.5,998.0,3.0,25.0,D
2025_T01,2025,2025-05-24 03:00:00,17.0,73.2,1.5,998.0,3.0,25.0,D
2025_T01,2025,2025-05-24 06:00:00,17.0,73.3,1.5,998.0,3.0,25.0,D
2025_T01,2025,2025-05-24 12:00:00,17.2,74.3,,998.0,4.0,25.0,D
2025_T01,2025,2025-05-24 18:00:00,17.4,75.3,,998.0,4.0,25.0,D
2025_T02,2025,2025-05-29 00:00:00,20.8,88.3,1.5,988.0,4.0,25.0,D
2025_T02,2025,2025-05-29 03:00:00,21.3,88.3,2.0,986.0,5.0,30.0,DD
2025_T02,2025,2025-05-29 06:00:00,22.0,88.4,,986.0,5.0,30.0,DD
2025_T02,2025,2025-05-29 12:00:00,22.2,88.6,,987.0,5.0,30.0,DD
2025_T02,2025,2025-05-29 18:00:00,23.0,89.2,,988.0,5.0,30.0,DD
2025_T02,2025,2025-05-30 00:00:00,24.1,89.4,,990.0,4.0,25.0,D
2025_T02,2025,2025-05-30 03:00:00,24.3,89.6,,992.0,3.0,20.0,D
2025_T02,2025,2025-05-30 06:00:00,25.1,90.2,,992.0,3.0,20.0,D
2025_T03,2025,2025-07-14 06:00:00,23.0,88.8,,996.0,3.0,20.0,D
2025_T03,2025,2025-07-14 12:00:00,23.3,88.4,,996.0,3.0,20.0,D
2025_T03,2025,2025-07-14 18:00:00,23.5,88.0,,996.0,3.0,20.0,D
2025_T04,2025,2025-07-15 03:00:00,27.4,75.4,,993.0,3.0,20.0,D
2025_T04,2025,2025-07-15 06:00:00,27.7,75.0,,993.0,3.0,20.0,D
2025_T04,2025,2025-07-15 12:00:00,29.0,73.7,,994.0,3.0,20.0,D
2025_T04,2025,2025-07-15 18:00:00,29.2,73.5,,995.0,3.0,20.0,D
2025_T05,2025,2025-07-17 00:00:00,25.2,81.8,,993.0,4.0,25.0,D
2025_T05,2025,2025-07-17 03:00:00,25.2,81.5,,993.0,4.0,25.0,D
2025_T05,2025,2025-07-17 06:00:00,25.3,81.2,,993.0,4.0,25.0,D
2025_T05,2025,2025-07-17 12:00:00,25.6,80.3,,993.0,4.0,25.0,D
2025_T05,2025,2025-07-17 18:00:00,25.8,79.8,,993.0,4.0,25.0,D
2025_T05,2025,2025-07-18 00:00:00,26.3,79.0,,993.0,4.0,25.0,D
2025_T05,2025,2025-07-18 03:00:00,26.4,78.5,,993.0,4.0,25.0,D
2025_T05,2025,2025-07-18 06:00:00,26.4,78.0,,993.0,4.0,25.0,D
2025_T05,2025,2025-07-18 12:00:00,27.0,77.2,,993.0,4.0,25.0,D
2025_T05,2025,2025-07-18 18:00:00,27.2,76.5,,993.0,4.0,25.0,D
2025_T05,2025,2025-07-19 00:00:00,27.4,75.1,,993.0,4.0,25.0,D
2025_T05,2025,2025-07-19 03:00:00,27.5,74.6,,993.0,3.0,20.0,D
2025_T05,2025,2025-07-19 06:00:00,27.5,74.2,,993.0,3.0,20.0,D
2025_T05,2025,2025-07-19 12:00:00,27.5,73.7,,993.0,3.0,20.0,D
2025_T05,2025,2025-07-19 18:00:00,27.5,73.0,,993.0,3.0,20.0,D
2025_T06,2025,2025-07-25 00:00:00,21.4,89.5,1.5,988.0,4.0,25.0,D
2025_T06,2025,2025-07-25 03:00:00,21.7,88.8,,988.0,4.0,25.0,D
2025_T06,2025,2025-07-25 06:00:00,22.0,88.4,,988.0,4.0,25.0,D
2025_T06,2025,2025-07-25 12:00:00,22.6,87.4,,988.0,4.0,25.0,D
2025_T06,2025,2025-07-25 18:00:00,23.0,86.6,,988.0,4.0,25.0,D
2025_T06,2025,2025-07-26 00:00:00,23.3,85.0,,988.0,4.0,25.0,D
2025_T06,2025,2025-07-26 03:00:00,23.3,84.0,,990.0,3.0,20.0,D
2025_T06,2025,2025-07-26 06:00:00,23.3,82.3,,990.0,3.0,20.0,D
2025_T06,2025,2025-07-26 12:00:00,23.3,81.7,,990.0,3.0,20.0,D
2025_T06,2025,2025-07-26 18:00:00,23.3,81.0,,992.0,3.0,20.0,D
2025_T07,2025,2025-08-18 12:00:00,18.9,85.0,1.5,996.0,3.0,20.0,D
2025_T07,2025,2025-08-18 18:00:00,19.0,84.9,1.5,996.0,3.0,20.0,D
2025_T07,2025,2025-08-19 00:00:00,19.3,84.8,,996.0,3.0,20.0,D
2025_T07,2025,2025-08-19 03:00:00,19.8,84.0,,996.0,3.0,20.0,D
2025_T07,2025,2025-08-19 06:00:00,20.0,83.3,,996.0,3.0,20.0,D
2025_T08,2025,2025-09-06 18:00:00,25.0,72.5,,998.0,4.0,25.0,D
2025_T08,2025,2025-09-07 00:00:00,24.3,72.2,,998.0,4.0,25.0,D
2025_T08,2025,2025-09-07 03:00:00,24.2,71.8,,998.0,4.0,25.0,D
2025_T08,2025,2025-09-07 06:00:00,24.3,71.4,,996.0,5.0,30.0,DD
2025_T08,2025,2025-09-07 12:00:00,24.5,71.2,,995.0,6.0,30.0,DD
2025_T08,2025,2025-09-07 18:00:00,24.6,71.0,,995.0,6.0,30.0,DD
2025_T08,2025,2025-09-08 00:00:00,24.8,70.7,,995.0,6.0,30.0,DD
2025_T08,2025,2025-09-08 03:00:00,25.0,70.5,,995.0,6.0,30.0,DD
2025_T08,2025,2025-09-08 06:00:00,25.3,70.2,,995.0,6.0,30.0,DD
2025_T08,2025,2025-09-08 12:00:00,25.8,69.5,,995.0,6.0,30.0,DD
2025_T08,2025,2025-09-08 18:00:00,25.9,69.0,,997.0,4.0,25.0,D
2025_T08,2025,2025-09-09 00:00:00,25.8,68.7,,998.0,4.0,25.0,D
2025_T08,2025,2025-09-09 03:00:00,25.4,68.4,,998.0,4.0,25.0,D
2025_T08,2025,2025-09-09 06:00:00,25.2,68.2,,999.0,4.0,25.0,D
2025_T08,2025,2025-09-09 12:00:00,25.0,67.7,,999.0,4.0,25.0,D
2025_T08,2025,2025-09-09 18:00:00,24.9,67.1,,999.0,4.0,25.0,D
2025_T08,2025,2025-09-10 00:00:00,24.8,66.3,1.5,1000.0,4.0,25.0,D
2025_T08,2025,2025-09-10 03:00:00,24.8,65.8,1.5,1000.0,4.0,25.0,D
2025_T08,2025,2025-09-10 06:00:00,24.8,65.3,1.5,1000.0,4.0,25.0,D
2025_T08,2025,2025-09-10 12:00:00,24.8,64.4,1.5,1000.0,4.0,25.0,D
2025_T08,2025,2025-09-10 18:00:00,24.8,63.5,1.5,1001.0,3.0,20.0,D
2025_T09,2025,2025-09-26 12:00:00,19.3,86.1,1.5,998.0,4.0,25.0,D
2025_T09,2025,2025-09-26 18:00:00,19.3,85.5,1.5,998.0,4.0,25.0,D
2025_T09,2025,2025-09-27 00:00:00,19.3,84.8,,998.0,4.0,25.0,D
2025_T09,2025,2025-09-27 03:00:00,19.3,84.2,,998.0,4.0,25.0,D
2025_T09,2025,2025-09-27 06:00:00,19.3,83.4,,998.0,4.0,25.0,D
2025_T09,2025,2025-09-27 12:00:00,19.7,81.5,,999.0,3.0,20.0,D
2025_T09,2025,2025-09-27 18:00:00,20.3,79.5,,999.0,3.0,20.0,D
2025_T09,2025,2025-09-28 00:00:00,20.3,77.0,,999.0,3.0,20.0,D
2025_T10,2025,2025-10-01 06:00:00,15.8,86.5,1.5,998.0,3.0,25.0,D
2025_T10,2025,2025-10-01 12:00:00,16.3,86.3,1.5,997.0,4.0,25.0,D
2025_T10,2025,2025-10-01 18:00:00,16.8,86.0,2.0,996.0,5.0,30.0,DD
2025_T10,2025,2025-10-02 00:00:00,17.7,85.7,2.0,996.0,5.0,30.0,DD
2025_T10,2025,2025-10-02 03:00:00,18.0,85.6,2.0,995.0,6.0,30.0,DD
2025_T10,2025,2025-10-02 06:00:00,18.6,85.3,2.0,995.0,6.0,30.0,DD
2025_T10,2025,2025-10-02 12:00:00,19.4,84.9,,996.0,5.0,30.0,DD
2025_T10,2025,2025-10-02 18:00:00,19.8,84.4,,997.0,5.0,30.0,DD
2025_T10,2025,2025-10-03 00:00:00,20.2,84.1,,999.0,4.0,25.0,D
2025_T10,2025,2025-10-03 03:00:00,20.7,83.7,,1000.0,4.0,25.0,D
2025_T10,2025,2025-10-03 06:00:00,21.2,83.6,,1001.0,3.0,25.0,D
2025_T11,2025,2025-10-01 12:00:00,22.0,68.3,1.5,1001.0,3.0,25.0,D
2025_T11,2025,2025-10-01 18:00:00,21.5,68.2,1.5,1001.0,3.0,25.0,D
2025_T11,2025,2025-10-02 00:00:00,21.0,68.0,1.5,1001.0,3.0,25.0,D
2025_T11,2025,2025-10-02 03:00:00,20.8,67.9,2.0,1001.0,3.0,25.0,D
2025_T11,2025,2025-10-02 06:00:00,20.8,67.9,2.0,1001.0,3.0,25.0,D
2025_T11,2025,2025-10-02 12:00:00,20.8,67.9,2.0,1001.0,3.0,25.0,D
2025_T11,2025,2025-10-02 18:00:00,20.8,67.7,2.0,1000.0,4.0,30.0,DD
2025_T11,2025,2025-10-03 00:00:00,21.3,67.2,2.0,1000.0,4.0,30.0,DD
2025_T11,2025,2025-10-03 03:00:00,21.5,67.0,2.0,999.0,5.0,30.0,DD
2025_T11,2025,2025-10-03 06:00:00,21.7,66.8,2.5,997.0,7.0,35.0,CS
2025_T11,2025,2025-10-03 09:00:00,21.8,66.6,2.5,997.0,7.0,35.0,CS
2025_T11,2025,2025-10-03 12:00:00,22.0,66.4,2.5,996.0,8.0,40.0,CS
2025_T11,2025,2025-10-03 15:00:00,22.1,66.2,3.0,996.0,8.0,40.0,CS
2025_T11,2025,2025-10-03 18:00:00,22.0,65.8,3.0,994.0,10.0,45.0,CS
2025_T11,2025,2025-10-03 21:00:00,22.0,65.6,3.0,994.0,10.0,45.0,CS
2025_T11,2025,2025-10-04 00:00:00,22.0,65.0,3.0,992.0,12.0,50.0,SCS
2025_T11,2025,2025-10-04 03:00:00,22.0,64.5,3.5,990.0,15.0,55.0,SCS
2025_T11,2025,2025-10-04 06:00:00,21.9,64.2,3.5,990.0,15.0,55.0,SCS
2025_T11,2025,2025-10-04 09:00:00,21.8,63.8,3.5,990.0,15.0,55.0,SCS
2025_T11,2025,2025-10-04 12:00:00,21.7,63.6,3.5,990.0,15.0,55.0,SCS
2025_T11,2025,2025-10-04 15:00:00,21.5,63.0,3.5,990.0,15.0,55.0,SCS
2025_T11,2025,2025-10-04 18:00:00,21.3,62.7,3.5,989.0,16.0,55.0,SCS
2025_T11,2025,2025-10-04 21:00:00,21.1,62.3,3.5,989.0,16.0,55.0,SCS
2025_T11,2025,2025-10-05 00:00:00,21.0,61.8,3.5,987.0,18.0,60.0,SCS
2025_T11,2025,2025-10-05 03:00:00,20.9,61.3,3.5,986.0,19.0,60.0,SCS
2025_T11,2025,2025-10-05 06:00:00,20.7,61.1,3.5,987.0,18.0,60.0,SCS
2025_T11,2025,2025-10-05 09:00:00,20.5,61.0,3.5,988.0,17.0,60.0,SCS
2025_T11,2025,2025-10-05 12:00:00,20.2,60.7,3.5,990.0,15.0,55.0,SCS
2025_T11,2025,2025-10-05 15:00:00,20.0,60.6,3.5,991.0,14.0,55.0,SCS
2025_T11,2025,2025-10-05 18:00:00,19.8,60.6,3.0,992.0,13.0,50.0,SCS
2025_T11,2025,2025-10-05 21:00:00,19.7,60.5,3.0,993.0,12.0,50.0,SCS
2025_T11,2025,2025-10-06 00:00:00,19.7,60.5,3.0,994.0,11.0,45.0,CS
2025_T11,2025,2025-10-06 03:00:00,19.7,60.4,3.0,994.0,11.0,45.0,CS
2025_T11,2025,2025-10-06 06:00:00,19.7,60.3,3.0,995.0,9.0,40.0,CS
2025_T11,2025,2025-10-06 09:00:00,19.6,60.3,3.0,996.0,8.0,40.0,CS
2025_T11,2025,2025-10-06 12:00:00,19.6,60.2,2.5,997.0,7.0,35.0,CS
2025_T11,2025,2025-10-06 15:00:00,19.6,60.1,2.5,998.0,6.0,35.0,CS
2025_T11,2025,2025-10-06 18:00:00,19.5,60.1,2.0,999.0,5.0,30.0,DD
2025_T11,2025,2025-10-07 00:00:00,19.2,60.3,2.0,999.0,5.0,30.0,DD
2025_T11,2025,2025-10-07 03:00:00,19.0,60.5,1.5,1001.0,4.0,25.0,D
2025_T11,2025,2025-10-07 06:00:00,18.9,60.7,1.5,1002.0,3.0,20.0,D
2025_T12,2025,2025-10-22 00:00:00,8.6,67.6,1.5,1002.0,3.0,20.0,D
2025_T12,2025,2025-10-22 03:00:00,8.9,67.4,1.5,1002.0,3.0,20.0,D
2025_T12,2025,2025-10-22 06:00:00,9.0,67.0,1.5,1002.0,3.0,20.0,D
2025_T12,2025,2025-10-22 12:00:00,9.3,67.4,1.5,1002.0,3.0,20.0,D
2025_T12,2025,2025-10-22 18:00:00,9.5,67.6,1.5,1002.0,3.0,20.0,D
2025_T12,2025,2025-10-23 00:00:00,9.6,67.7,1.5,1001.0,3.0,20.0,D
2025_T12,2025,2025-10-23 03:00:00,9.8,67.8,1.5,1001.0,3.0,20.0,D
2025_T12,2025,2025-10-23 06:00:00,10.1,68.0,1.5,1001.0,3.0,20.0,D
2025_T12,2025,2025-10-23 12:00:00,11.0,69.4,1.5,1001.0,3.0,20.0,D
2025_T12,2025,2025-10-23 18:00:00,12.0,70.0,1.5,1001.0,3.0,20.0,D
2025_T12,2025,2025-10-24 00:00:00,13.3,70.5,1.5,1001.0,3.0,20.0,D
2025_T12,2025,2025-10-24 03:00:00,14.0,70.6,1.5,1001.0,3.0,20.0,D
2025_T12,2025,2025-10-24 06:00:00,14.4,70.7,1.5,1001.0,3.0,20.0,D
2025_T12,2025,2025-10-24 12:00:00,15.2,70.7,1.5,1001.0,3.0,20.0,D
2025_T12,2025,2025-10-24 18:00:00,16.1,70.7,1.5,1001.0,3.0,20.0,D
2025_T12,2025,2025-10-25 00:00:00,16.4,70.4,1.5,1001.0,3.0,20.0,D
2025_T12,2025,2025-10-25 03:00:00,16.5,70.4,1.5,1001.0,3.0,20.0,D
2025_T12,2025,2025-10-25 06:00:00,16.6,69.2,1.5,1001.0,3.0,20.0,D
2025_T12,2025,2025-10-25 12:00:00,16.6,68.0,1.5,1001.0,3.0,20.0,D
2025_T12,2025,2025-10-25 18:00:00,16.6,67.2,1.5,1001.0,3.0,20.0,D
2025_T12,2025,2025-10-26 00:00:00,16.5,66.8,1.5,1001.0,3.0,20.0,D
2025_T12,2025,2025-10-26 03:00:00,16.0,66.5,1.5,1001.0,3.0,20.0,D
2025_T12,2025,2025-10-26 06:00:00,15.5,66.4,1.5,1001.0,3.0,20.0,D
2025_T12,2025,2025-10-26 12:00:00,15.1,66.4,1.5,1001.0,3.0,20.0,D
2025_T12,2025,2025-10-26 18:00:00,15.1,66.5,1.5,1001.0,3.0,20.0,D
2025_T12,2025,2025-10-27 00:00:00,16.1,66.8,1.5,1000.0,4.0,25.0,D
2025_T12,2025,2025-10-27 03:00:00,16.4,66.9,1.5,1000.0,4.0,25.0,D
2025_T12,2025,2025-10-27 06:00:00,16.6,67.2,1.5,1000.0,4.0,25.0,D
2025_T12,2025,2025-10-27 12:00:00,16.7,67.3,1.5,1000.0,4.0,25.0,D
2025_T12,2025,2025-10-27 18:00:00,16.7,67.3,1.5,1000.0,4.0,25.0,D
2025_T12,2025,2025-10-28 00:00:00,17.0,67.8,1.5,1000.0,4.0,25.0,D
2025_T12,2025,2025-10-28 03:00:00,17.1,67.8,1.5,1000.0,4.0,25.0,D
2025_T12,2025,2025-10-28 06:00:00,17.2,68.0,1.5,1000.0,4.0,25.0,D
2025_T12,2025,2025-10-28 12:00:00,17.4,68.5,1.5,1000.0,4.0,25.0,D
2025_T12,2025,2025-10-28 18:00:00,17.7,69.0,1.5,1000.0,4.0,25.0,D
2025_T12,2025,2025-10-29 00:00:00,17.9,69.2,1.5,1000.0,4.0,25.0,D
2025_T12,2025,2025-10-29 03:00:00,17.9,69.2,1.5,1000.0,4.0,25.0,D
2025_T12,2025,2025-10-29 06:00:00,18.0,69.1,1.5,1000.0,4.0,25.0,D
2025_T12,2025,2025-10-29 12:00:00,17.9,69.0,1.5,1000.0,4.0,25.0,D
2025_T12,2025,2025-10-29 18:00:00,17.9,68.8,1.5,1000.0,4.0,25.0,D
2025_T12,2025,2025-10-30 00:00:00,17.9,68.2,1.5,1000.0,4.0,25.0,D
2025_T12,2025,2025-10-30 03:00:00,17.9,68.2,1.5,1000.0,4.0,25.0,D
2025_T12,2025,2025-10-30 06:00:00,17.9,68.2,1.5,1000.0,4.0,25.0,D
2025_T12,2025,2025-10-30 12:00:00,18.1,68.2,1.5,1000.0,4.0,25.0,D
2025_T12,2025,2025-10-30 18:00:00,18.3,68.2,1.5,1000.0,4.0,25.0,D
2025_T12,2025,2025-10-31 00:00:00,18.6,68.4,1.5,1000.0,4.0,25.0,D
2025_T12,2025,2025-10-31 03:00:00,18.9,68.5,1.5,1000.0,4.0,25.0,D
2025_T12,2025,2025-10-31 06:00:00,18.9,68.5,1.5,1000.0,4.0,25.0,D
2025_T12,2025,2025-10-31 12:00:00,19.2,69.0,1.5,1000.0,4.0,25.0,D
2025_T12,2025,2025-10-31 18:00:00,19.4,69.6,1.5,1001.0,3.0,20.0,D
2025_T13,2025,2025-10-25 00:00:00,10.8,89.0,1.5,1003.0,3.0,20.0,D
2025_T13,2025,2025-10-25 03:00:00,10.8,88.8,1.5,1002.0,4.0,25.0,D
2025_T13,2025,2025-10-25 06:00:00,10.8,88.6,1.5,1002.0,4.0,25.0,D
2025_T13,2025,2025-10-25 12:00:00,10.9,88.1,1.5,1002.0,4.0,25.0,D
2025_T13,2025,2025-10-25 18:00:00,11.0,87.7,1.5,1002.0,4.0,25.0,D
2025_T13,2025,2025-10-26 00:00:00,11.1,87.3,2.0,1000.0,5.0,30.0,DD
2025_T13,2025,2025-10-26 03:00:00,11.2,87.1,2.0,998.0,6.0,30.0,DD
2025_T13,2025,2025-10-26 06:00:00,11.3,86.9,2.0,998.0,6.0,30.0,DD
2025_T13,2025,2025-10-26 12:00:00,11.4,86.6,2.0,998.0,6.0,30.0,DD
2025_T13,2025,2025-10-26 18:00:00,11.6,85.9,2.5,997.0,7.0,35.0,CS
2025_T13,2025,2025-10-26 21:00:00,11.9,85.5,2.5,997.0,7.0,35.0,CS
2025_T13,2025,2025-10-27 00:00:00,12.2,85.3,2.5,997.0,7.0,35.0,CS
2025_T13,2025,2025-10-27 03:00:00,12.6,84.9,2.5,996.0,8.0,40.0,CS
2025_T13,2025,2025-10-27 06:00:00,12.8,84.6,2.5,996.0,8.0,40.0,CS
2025_T13,2025,2025-10-27 09:00:00,13.0,84.2,2.5,995.0,9.0,40.0,CS
2025_T13,2025,2025-10-27 12:00:00,13.3,84.0,3.0,994.0,10.0,45.0,CS
2025_T13,2025,2025-10-27 15:00:00,13.6,83.8,3.0,994.0,10.0,45.0,CS
2025_T13,2025,2025-10-27 18:00:00,14.0,83.5,3.0,993.0,11.0,45.0,CS
2025_T13,2025,2025-10-27 21:00:00,14.4,83.3,3.0,992.0,12.0,45.0,CS
2025_T13,2025,2025-10-28 00:00:00,14.7,83.0,3.0,991.0,13.0,50.0,SCS
2025_T13,2025,2025-10-28 03:00:00,14.9,82.9,3.0,991.0,13.0,50.0,SCS
2025_T13,2025,2025-10-28 06:00:00,15.2,82.7,3.0,991.0,13.0,50.0,SCS
2025_T13,2025,2025-10-28 09:00:00,15.6,82.5,3.0,990.0,14.0,50.0,SCS
2025_T13,2025,2025-10-28 12:00:00,16.0,82.2,3.0,990.0,14.0,50.0,SCS
2025_T13,2025,2025-10-28 15:00:00,16.2,82.0,3.0,990.0,14.0,50.0,SCS
2025_T13,2025,2025-10-28 18:00:00,16.3,81.7,3.0,990.0,14.0,50.0,SCS
2025_T13,2025,2025-10-28 21:00:00,16.5,81.5,,992.0,12.0,40.0,CS
2025_T13,2025,2025-10-29 00:00:00,17.0,81.3,,997.0,7.0,35.0,CS
2025_T13,2025,2025-10-29 03:00:00,17.3,81.2,,999.0,5.0,30.0,DD
2025_T13,2025,2025-10-29 06:00:00,17.7,81.1,,999.0,5.0,30.0,DD
2025_T13,2025,2025-10-29 12:00:00,18.7,80.9,,1000.0,4.0,25.0,D
2025_T13,2025,2025-10-29 18:00:00,19.6,80.7,,1000.0,3.0,20.0,D
2025_T14,2025,2025-11-25 03:00:00,5.4,99.7,1.5,1004.0,3.0,20.0,D
2025_T14,2025,2025-11-25 06:00:00,5.3,99.5,1.5,1004.0,3.0,20.0,D
2025_T14,2025,2025-11-25 12:00:00,5.1,99.0,1.5,1003.0,4.0,25.0,D
2025_T14,2025,2025-11-25 18:00:00,5.1,98.5,2.0,1002.0,5.0,30.0,DD
2025_T14,2025,2025-11-26 00:00:00,5.0,98.0,2.5,999.0,8.0,40.0,CS
2025_T14,2025,2025-11-26 03:00:00,4.9,97.8,,999.0,8.0,40.0,CS
2025_T14,2025,2025-11-26 06:00:00,4.7,97.8,,999.0,8.0,40.0,CS
2025_T14,2025,2025-11-26 09:00:00,4.6,97.8,,999.0,8.0,40.0,CS
2025_T14,2025,2025-11-26 12:00:00,4.3,98.1,,1000.0,7.0,35.0,CS
2025_T14,2025,2025-11-26 15:00:00,4.1,98.3,,1000.0,7.0,35.0,CS
2025_T14,2025,2025-11-26 18:00:00,4.0,98.5,,1000.0,7.0,35.0,CS
2025_T14,2025,2025-11-26 21:00:00,3.8,98.8,2.5,1001.0,6.0,35.0,CS
2025_T14,2025,2025-11-27 00:00:00,3.7,99.2,2.0,1002.0,5.0,30.0,DD
2025_T14,2025,2025-11-27 03:00:00,3.7,99.6,2.0,1002.0,5.0,30.0,DD
2025_T14,2025,2025-11-27 06:00:00,3.6,99.8,1.5,1003.0,4.0,25.0,D
2025_T14,2025,2025-11-27 12:00:00,3.6,100.7,1.5,1004.0,3.0,20.0,D
2025_T14,2025,2025-11-27 15:00:00,3.6,100.9,1.5,1004.0,3.0,20.0,D
2025_T15,2025,2025-11-26 18:00:00,5.9,82.6,1.5,1004.0,4.0,25.0,D
2025_T15,2025,2025-11-27 00:00:00,6.3,82.4,2.0,1003.0,5.0,30.0,DD
2025_T15,2025,2025-11-27 03:00:00,6.7,82.1,2.0,1003.0,5.0,30.0,DD
2025_T15,2025,2025-11-27 06:00:00,6.9,81.9,2.5,1002.0,6.0,35.0,CS
2025_T15,2025,2025-11-27 09:00:00,7.2,81.8,2.5,1002.0,6.0,35.0,CS
2025_T15,2025,2025-11-27 12:00:00,7.6,81.6,2.5,1002.0,6.0,35.0,CS
2025_T15,2025,2025-11-27 15:00:00,7.7,81.5,2.5,1002.0,6.0,35.0,CS
2025_T15,2025,2025-11-27 18:00:00,7.9,81.3,2.5,1002.0,6.0,35.0,CS
2025_T15,2025,2025-11-27 21:00:00,8.1,81.2,2.5,1002.0,6.0,35.0,CS
2025_T15,2025,2025-11-28 00:00:00,8.2,81.1,2.5,1002.0,6.0,35.0,CS
2025_T15,2025,2025-11-28 03:00:00,8.3,81.0,2.5,1002.0,6.0,35.0,CS
2025_T15,2025,2025-11-28 06:00:00,8.4,81.0,2.5,1002.0,6.0,35.0,CS
2025_T15,2025,2025-11-28 09:00:00,8.5,81.0,2.5,1002.0,6.0,35.0,CS
2025_T15,2025,2025-11-28 12:00:00,8.7,80.9,2.5,1002.0,6.0,35.0,CS
2025_T15,2025,2025-11-28 15:00:00,8.8,80.8,2.5,1002.0,6.0,35.0,CS
2025_T15,2025,2025-11-28 18:00:00,9.0,80.8,2.5,1002.0,6.0,35.0,CS
2025_T15,2025,2025-11-28 21:00:00,9.2,80.8,2.5,1001.0,7.0,35.0,CS
2025_T15,2025,2025-11-29 00:00:00,9.4,80.7,2.5,1001.0,7.0,35.0,CS
2025_T15,2025,2025-11-29 03:00:00,9.6,80.7,2.5,1000.0,8.0,40.0,CS
2025_T15,2025,2025-11-29 06:00:00,9.9,80.7,2.5,1000.0,8.0,40.0,CS
2025_T15,2025,2025-11-29 09:00:00,10.1,80.6,2.5,1000.0,8.0,40.0,CS
2025_T15,2025,2025-11-29 12:00:00,10.4,80.6,2.5,1000.0,8.0,40.0,CS
2025_T15,2025,2025-11-29 15:00:00,10.5,80.6,2.5,1000.0,8.0,40.0,CS
2025_T15,2025,2025-11-29 18:00:00,10.7,80.6,2.5,1000.0,8.0,40.0,CS
2025_T15,2025,2025-11-29 21:00:00,10.8,80.6,2.5,1000.0,8.0,40.0,CS
2025_T15,2025,2025-11-30 00:00:00,11.1,80.6,2.5,1000.0,8.0,40.0,CS
2025_T15,2025,2025-11-30 03:00:00,11.4,80.6,2.5,1000.0,8.0,40.0,CS
2025_T15,2025,2025-11-30 06:00:00,11.5,80.6,2.5,1001.0,7.0,35.0,CS
2025_T15,2025,2025-11-30 09:00:00,11.7,80.6,2.5,1002.0,6.0,35.0,CS
2025_T15,2025,2025-11-30 12:00:00,11.8,80.6,2.0,1003.0,5.0,30.0,DD
2025_T15,2025,2025-11-30 18:00:00,12.3,80.6,2.0,1003.0,5.0,30.0,DD
2025_T15,2025,2025-12-01 00:00:00,12.8,80.6,2.0,1003.0,5.0,30.0,DD
2025_T15,2025,2025-12-01 03:00:00,12.8,80.6,2.0,1003.0,5.0,30.0,DD
2025_T15,2025,2025-12-01 06:00:00,13.0,80.6,2.0,1003.0,5.0,30.0,DD
2025_T15,2025,2025-12-01 12:00:00,13.0,80.6,2.0,1003.0,5.0,30.0,DD
2025_T15,2025,2025-12-01 18:00:00,13.0,80.6,2.0,1003.0,5.0,30.0,DD
2025_T15,2025,2025-12-02 00:00:00,12.9,80.5,1.5,1004.0,4.0,25.0,D
2025_T15,2025,2025-12-02 03:00:00,12.8,80.5,1.5,1004.0,4.0,25.0,D
2025_T15,2025,2025-12-02 06:00:00,12.5,80.4,1.5,1004.0,4.0,25.0,D
2025_T15,2025,2025-12-02 12:00:00,12.3,80.3,1.5,1004.0,4.0,25.0,D
2025_T15,2025,2025-12-02 18:00:00,12.1,80.2,1.5,1005.0,3.0,20.0,D
